,RMSE,R²
LightGBM (tuned),67.1418602237139,0.8890656217374671
XGBoost (tuned),68.93011364545717,0.8830776810646057
CatBoost (tuned),70.14215649585051,0.8789296933294083
